"pd_id","pd_code","pd_name_ar","pd_name_en","deleted","insert_date","insert_uid"
"1","1","اقراص","Tablet","1","2/6/2014 8:04:22 PM","1"
"2","2","قرص على شكل كبسول","caplet","1","2/6/2014 8:04:22 PM","1"
"3","3","قرص تحت اللسان","Sublingual tablet","1","2/6/2014 8:04:22 PM","1"
"4","4","أقراص مغلفة","coated tab","1","2/6/2014 8:04:22 PM","1"
"5","5","اقراص فوارة","Effervescent tablet","1","2/6/2014 8:04:22 PM","1"
"6","6","اقراص مضغ","chewable tablet","1","1/3/2016 11:22:10 PM","1"
"7","7","أقراص استحلاب","LOZENGES","1","2/6/2014 8:04:22 PM","1"
"8","8","كبسول","Capsule","1","2/6/2014 8:04:22 PM","1"
"9","9","كبسول طويل المفعول","Spansule","1","2/6/2014 8:04:22 PM","1"
"10","10","شراب","Syrup","1","2/6/2014 8:04:22 PM","1"
"11","11","معلق","Suspension","1","2/6/2014 8:04:22 PM","1"
"12","12","مستحلب","Emulsion","1","2/6/2014 8:04:22 PM","1"
"13","13","محلول","Solution","1","2/6/2014 8:04:22 PM","1"
"14","14","محلول مائي","Aqueous Solution","1","2/6/2014 8:04:22 PM","1"
"15","15","محلول زيتي","Oily Solution","1","2/6/2014 8:04:22 PM","1"
"16","16","محلول رغوي","Foaming Solution","1","2/6/2014 8:04:22 PM","1"
"17","17","محاليل","INFUSIONS","1","2/6/2014 8:04:22 PM","1"
"18","18","سائل","Liquid","1","2/6/2014 8:04:22 PM","1"
"19","19","اكسير","elixir","1","2/6/2014 8:04:22 PM","1"
"20","20","نقط","Drops","1","2/6/2014 8:04:22 PM","1"
"21","21","نقط عين","Eye Drops","1","2/6/2014 8:04:22 PM","1"
"22","22","نقط للأذن","Drops: Ear-Otic","1","2/6/2014 8:04:22 PM","1"
"23","23","نقط للأنف","Drops: Nasal","1","2/6/2014 8:04:22 PM","1"
"24","24","نقط بالفم","Drops: Oral","1","2/6/2014 8:04:22 PM","1"
"25","25","نقط للعين و الأذن","Drops: Eye/Ear","1","2/6/2014 8:04:22 PM","1"
"26","26","نقط للعين والانف","Drops: Eye/Nose","1","2/6/2014 8:04:22 PM","1"
"27","27","زيوت","oils","1","2/6/2014 8:04:22 PM","1"
"28","28","زيت طيار","Volatile Oil","1","2/6/2014 8:04:22 PM","1"
"29","29","زيت ثابت","Fixed Oil","1","2/6/2014 8:04:22 PM","1"
"30","30","زيت شعر","Hair Oil","1","2/6/2014 8:04:22 PM","1"
"31","31","مستخلص","Extract","1","2/6/2014 8:04:22 PM","1"
"32","32","حقن","Injectable","1","2/6/2014 8:04:22 PM","1"
"33","33","امبولات","Ampule","1","2/6/2014 8:04:22 PM","1"
"34","34","حقنة شرجية","Enema","1","2/6/2014 8:04:22 PM","1"
"35","35","سرنجات","SYRING","1","2/6/2014 8:04:22 PM","1"
"36","36","سرنجة جاهزة للحقن","Ready Filled Syringe","1","2/6/2014 8:04:22 PM","1"
"37","37","قسطرة","Parenterals/catheter","1","2/6/2014 8:04:22 PM","1"
"38","38","كانيولا","Cannula","1","2/6/2014 8:04:22 PM","1"
"39","39","ابرة","Needle","1","2/6/2014 8:04:22 PM","1"
"40","40","شكاكة","Lancet","1","2/6/2014 8:04:22 PM","1"
"41","41","ابرة شكاكة","Lancet Needle","1","2/6/2014 8:04:22 PM","1"
"42","42","بودرة","powder","1","2/6/2014 8:04:22 PM","1"
"43","43","بودرة للمحلول","Powder for Reconstitution","1","2/6/2014 8:04:22 PM","1"
"44","44","حبيبات/بودرة فوارة","Effervescents Gran./Powd.","1","2/6/2014 8:04:22 PM","1"
"45","45","بودرة/معجون لاصق للفم","Orahesive powder/paint","1","2/6/2014 8:04:22 PM","1"
"46","46","نشوق","Insufflations","1","2/6/2014 8:04:22 PM","1"
"47","47","لبوس شرجى","SUPPOSITERY","1","2/6/2014 8:04:22 PM","1"
"48","48","لبوس مهبلي","Vaginal Pessaries","1","2/6/2014 8:04:22 PM","1"
"49","49","كريم","Cream","1","2/6/2014 8:04:22 PM","1"
"50","50","كريم للجلد","Skin Creams","1","2/6/2014 8:04:22 PM","1"
"51","51","كريم مهبلى","vaginal cream","1","2/6/2014 8:04:22 PM","1"
"52","52","كريم للوجه","Face cream","1","2/6/2014 8:04:22 PM","1"
"53","53","كريم للشعر","Hair Cream","1","2/6/2014 8:04:22 PM","1"
"54","54","كريم للحلاقة","Shaving Cream","1","2/6/2014 8:04:22 PM","1"
"55","55","كريم مساج","Massage Cream/ oil","1","2/6/2014 8:04:22 PM","1"
"56","56","كريم اساس","Foundation cream/stick","1","2/6/2014 8:04:22 PM","1"
"57","57","كريم للايدى/جسم","hand/body cream","1","2/6/2014 8:04:22 PM","1"
"58","58","كريم / صنفرة قدم","Foot Creams / Scrubs /gel","1","2/6/2014 8:04:22 PM","1"
"59","59","كريم ازالة الشعر/واكس","Depilation Cream /wax /sweet","1","2/6/2014 8:04:22 PM","1"
"60","60","مرهم","Ointment","1","2/6/2014 8:04:22 PM","1"
"61","61","مرهم للعين","Eye Ointment","1","2/6/2014 8:04:22 PM","1"
"62","62","جيل","Gel","1","2/6/2014 8:04:22 PM","1"
"63","63","جيل للجلد","Skin Gels","1","2/6/2014 8:04:22 PM","1"
"64","64","جل للفم","Oral gel","1","2/6/2014 8:04:22 PM","1"
"65","65","جيل للانف","GEL: Nasal","1","2/6/2014 8:04:22 PM","1"
"66","66","جيل للجسم","Body/Face Gel","1","2/6/2014 8:04:22 PM","1"
"67","67","جيل للشعر","Hair Gel / Mousse","1","2/6/2014 8:04:22 PM","1"
"68","68","جيل للايدى","Hand Gel","1","2/6/2014 8:04:22 PM","1"
"69","69","جيل حلاقة","Shaving Gel","1","2/6/2014 8:04:22 PM","1"
"70","70","فازلين","فازلين","1","2/6/2014 8:04:22 PM","1"
"71","71","لوشن","Lotion","1","2/6/2014 8:04:22 PM","1"
"72","72","لوشن وجه/جسم","Body / Face Lotion","1","2/6/2014 8:04:22 PM","1"
"73","73","لوشن للجلد","Skin Lotions","1","2/6/2014 8:04:22 PM","1"
"74","74","لوشن بعد الحلاقة","After Shave Lotion","1","2/6/2014 8:04:22 PM","1"
"75","75","مس","Paint","1","2/6/2014 8:04:22 PM","1"
"76","76","لبخة","Poultice","1","2/6/2014 8:04:22 PM","1"
"77","77","مروخ","Liniment","1","2/6/2014 8:04:22 PM","1"
"78","78","عناية بالفم و الاسنان","Dental/Oral Products","1","2/6/2014 8:04:22 PM","1"
"79","79","غسول فم","Mouth wash","1","2/6/2014 8:04:22 PM","1"
"80","80","مبيض أسنان","Teeth  Whitener","1","2/6/2014 8:04:22 PM","1"
"81","81","خيط تنظيف اسنان","Dental Floss","1","2/6/2014 8:04:22 PM","1"
"82","82","منظف طاقم أسنان","Dental Cast Cleaner","1","2/6/2014 8:04:22 PM","1"
"83","83","غرغرة","Gargle","1","2/6/2014 8:04:22 PM","1"
"84","84","معجون","معجون","1","2/6/2014 8:04:22 PM","1"
"85","85","فرشاة اسنان","DENTAL BRUSH","1","2/6/2014 8:04:22 PM","1"
"86","86","عناية بالجروح","Wound/Surgical Care","1","2/6/2014 8:04:22 PM","1"
"87","87","قطن","COTTON","1","2/6/2014 8:04:22 PM","1"
"88","88","شاش","GAUZ","1","2/6/2014 8:04:22 PM","1"
"89","89","شاش مع اضافات","Gauze with additives","1","2/6/2014 8:04:22 PM","1"
"90","90","بلاستر","Plaster","1","2/6/2014 8:04:22 PM","1"
"91","91","بلاستر بالشاش","Gauze with plaster","1","2/6/2014 8:04:22 PM","1"
"92","92","بلاستر قدم","Foot Plasters","1","2/6/2014 8:04:22 PM","1"
"93","93","بلاستر متخصص","Specialised Plasters","1","2/6/2014 8:04:22 PM","1"
"94","94","بلاستر / كليبس صرة","Umbilical Clip/plaster","1","2/6/2014 8:04:22 PM","1"
"95","95","لصقة","Patch","1","2/6/2014 8:04:22 PM","1"
"96","96","لزقة مضادة للإلتهاب","Counter Irritant Patches","1","2/6/2014 8:04:22 PM","1"
"97","97","ادوات جراحة","Surgical Devices","1","2/6/2014 8:04:22 PM","1"
"98","98","خيوط جراحية","catgut","1","2/6/2014 8:04:22 PM","1"
"99","99","دعامات للجسم","Body Support Products","1","2/6/2014 8:04:22 PM","1"
"100","100","تدعيم للانكل","Ankle Support","1","2/6/2014 8:04:22 PM","1"
"101","101","دعامة / واقى رياضى","Sports Supports/ Guards","1","2/6/2014 8:04:22 PM","1"
"102","102","اربطه ضاغطه","Fixing Bandage","1","2/6/2014 8:04:22 PM","1"
"103","103","أجهزة / أدوات رياضية","Sport Machines","1","2/6/2014 8:04:22 PM","1"
"104","104","مطهرات","Antiseptic","1","2/6/2014 8:04:22 PM","1"
"105","105","مطهر خارجى","Disinfectants","1","2/6/2014 8:04:22 PM","1"
"106","106","صابون","Soap","1","2/6/2014 8:04:22 PM","1"
"107","107","معطر جو","Air Refreshers","1","2/6/2014 8:04:22 PM","1"
"108","108","مبيد حشرى","Insecticides","1","2/6/2014 8:04:22 PM","1"
"109","109","أعشاب جافة","Dried Herbs","1","2/6/2014 8:04:22 PM","1"
"110","110","مستخلص عشبى","Herbal Extracts","1","2/6/2014 8:04:22 PM","1"
"111","111","اكياس اعشاب","Herbal Tea Bags","1","2/6/2014 8:04:22 PM","1"
"112","112","منتجات غذائية","Foot Products","1","2/6/2014 8:04:22 PM","1"
"113","113","اغذية للرياضيين","Athletic Food/Supplements","1","2/6/2014 8:04:22 PM","1"
"114","114","بروتينات للرياضيين","Athletics Proteins","1","2/6/2014 8:04:22 PM","1"
"115","115","اغذية لمرضى السكر","Diabetic Food","1","2/6/2014 8:04:22 PM","1"
"116","116","أغذية أطفال","Baby Food","1","2/6/2014 8:04:22 PM","1"
"117","117","غذاء أطفال جاهز","Ready Baby Food","1","2/6/2014 8:04:22 PM","1"
"118","118","غذاء أطفال بودرة","Powder Baby Food","1","2/6/2014 8:04:22 PM","1"
"119","119","لبن صناعي","Milk/Infant Formula","1","2/6/2014 8:04:22 PM","1"
"120","120","مستلزمات للاطفال","BABY Products","1","2/6/2014 8:04:22 PM","1"
"121","121","سكاته","Pacifier","1","2/6/2014 8:04:22 PM","1"
"122","122","ببرونة","Feeding Bottle","1","2/6/2014 8:04:22 PM","1"
"123","123","عضاضة","Teether","1","2/6/2014 8:04:22 PM","1"
"124","124","حلمة رضاعة","Feeding Nipple","1","2/6/2014 8:04:22 PM","1"
"125","125","أداة لأكل الأطفال","Baby Feeding Tool","1","2/6/2014 8:04:22 PM","1"
"126","126","لعب اطفال","Children Toys","1","2/6/2014 8:04:22 PM","1"
"127","127","منتجات تجميل للأطفال","Child Cosmetics/ Perfumes","1","2/6/2014 8:04:22 PM","1"
"128","128","حفاضات أطفال","Diapers: Baby","1","2/6/2014 8:04:22 PM","1"
"129","129","مناديل ورق","Tissue/Diapers","1","2/6/2014 8:04:22 PM","1"
"130","130","علبة مناديل","Tissue: Box","1","2/6/2014 8:04:22 PM","1"
"131","131","بكر تواليت","Tissue: Toilet Rolls","1","2/6/2014 8:04:22 PM","1"
"132","132","مناديل مبللة","Wipes","1","2/6/2014 8:04:22 PM","1"
"133","133","استنشاق","Inhaler","1","2/6/2014 8:04:22 PM","1"
"134","134","بخاخ طبي","Medicated Aerosols","1","2/6/2014 8:04:22 PM","1"
"135","135","بخاخ / اسبراى","Aerosol","1","2/6/2014 8:04:22 PM","1"
"136","136","بخاخ مستنشق بالفم","Inhaler: Oral","1","2/6/2014 8:04:22 PM","1"
"137","137","بخاخ يستنشق بالانف","InhalerL: Nasal","1","2/6/2014 8:04:22 PM","1"
"138","138","بخاخ اسبراى للانف","Nasal Spray","1","2/6/2014 8:04:22 PM","1"
"139","139","أكياس","Sachet","1","2/6/2014 8:04:22 PM","1"
"140","140","عازل طبى","CONDOM","1","2/6/2014 8:04:22 PM","1"
"141","141","مستلزمات أجهزة أوكسيجين","Oxygen need equipments","1","2/6/2014 8:04:22 PM","1"
"142","142","جهاز استنشاق","Nebulizer / Humidifier","1","2/6/2014 8:04:22 PM","1"
"143","143","أجهزة معقمة","Sterile Devices","1","2/6/2014 8:04:22 PM","1"
"144","144","اجهزة للمعاقين","Handicap/Disabled Devices","1","2/6/2014 8:04:22 PM","1"
"145","145","اجهزة لقياس الضغط","Devices for Hypertensives","1","2/6/2014 8:04:22 PM","1"
"146","146","مقياس ضغط الدم","Blood Pressure Meter","1","2/6/2014 8:04:22 PM","1"
"147","147","اجهزة لقياس السكر","Devices for Diabetics","1","2/6/2014 8:04:22 PM","1"
"148","148","شرائط مقياس سكر الدم","Blood  Meter Strips","1","2/6/2014 8:04:22 PM","1"
"149","149","شرائط قياس سكر البول","Urine  Test Strip","1","2/6/2014 8:04:22 PM","1"
"150","150","قلم انسولين","Pen","1","2/6/2014 8:04:22 PM","1"
"151","151","أدوات أخرى لمرضى السكر","Other Diabetic Device","1","2/6/2014 8:04:22 PM","1"
"152","152","اجهزة / ادوات للامومة","Maternity Devices","1","2/6/2014 8:04:22 PM","1"
"153","153","أدوات شفط لبن الام","Breast Milk Suction Devices","1","2/6/2014 8:04:22 PM","1"
"154","154","اختبار حمل","PREGNANCY TEST","1","2/6/2014 8:04:22 PM","1"
"155","155","ادوات منع الحمل","Contraceptive Devices","1","2/6/2014 8:04:22 PM","1"
"156","156","لولب / أدوات داخل الرحم","Intra-Uterine Devices","1","2/6/2014 8:04:22 PM","1"
"157","157","أدوات منع حمل أخرى","Other Contraceptive Devices","1","2/6/2014 8:04:22 PM","1"
"158","158","حفاضات مهبلية","Tampoons","1","2/6/2014 8:04:22 PM","1"
"159","159","أغذية زيادة الوزن","Weight Gain Food","1","2/6/2014 8:04:22 PM","1"
"160","160","ادوات التحكم بالوزن","Weight Control Devices","1","2/6/2014 8:04:22 PM","1"
"161","161","أقراص تحلية صناعية","Artificial Sweetner tablets","1","2/6/2014 8:04:22 PM","1"
"162","162","بودرة تحلية صناعية","Artificial Sweetner Powder","1","2/6/2014 8:04:22 PM","1"
"163","163","ميزان","Weight Scale","1","2/6/2014 8:04:22 PM","1"
"164","164","أدوات قياس الحرارة /ترموميتر","Temperature Meters","1","2/6/2014 8:04:22 PM","1"
"165","165","عناية بالنظر","Optical Devices","1","2/6/2014 8:04:22 PM","1"
"166","166","نظارات","Eye Glasses","1","2/6/2014 8:04:22 PM","1"
"167","167","شنبر نظارة","Eye Glass Frames","1","2/6/2014 8:04:22 PM","1"
"168","168","نظارات شمس","Sun Glasses","1","2/6/2014 8:04:22 PM","1"
"169","169","عدسات لاصقة","Contact Lenses","1","2/6/2014 8:04:22 PM","1"
"170","170","حافظة عدسات لاصقة","Contact Lens Case","1","2/6/2014 8:04:22 PM","1"
"171","171","أدوات تنظيف عدسات لاصقة","Contact Lens Cleaning Device","1","2/6/2014 8:04:22 PM","1"
"172","172","وسادة للعين","Eye Pad","1","2/6/2014 8:04:22 PM","1"
"173","173","منتجات بصرية أخرى","Other Optical Device","1","2/6/2014 8:04:22 PM","1"
"174","174","كبار السن","Geriatric Products","1","2/6/2014 8:04:22 PM","1"
"175","175","أدوات لكبار السن","Geriatric Devices","1","2/6/2014 8:04:22 PM","1"
"176","176","حفاضات كبار السن","Diapers: Geriatric","1","2/6/2014 8:04:22 PM","1"
"177","177","شامبو للشعر","shampoo for hair","1","2/6/2014 8:04:22 PM","1"
"178","178","شامبو & بلسم","SHAMPOO & COND","1","2/6/2014 8:04:22 PM","1"
"179","179","بلسم للشعر","HAIR BALSAM","1","2/6/2014 8:04:22 PM","1"
"180","180","صبغة للشعر","hair dying","1","2/6/2014 8:04:22 PM","1"
"181","181","مسكرا للشعر","Hair Mascara","1","2/6/2014 8:04:22 PM","1"
"182","182","سبراي شعر","Hair Spray","1","2/6/2014 8:04:22 PM","1"
"183","183","حنة","Henna","1","2/6/2014 8:04:22 PM","1"
"184","184","مشقر","Bleacher","1","2/6/2014 8:04:22 PM","1"
"185","185","عطور للسيدات","Women Perfumes","1","2/6/2014 8:04:22 PM","1"
"186","186","عطور للرجال","Men Perfumes","1","2/6/2014 8:04:22 PM","1"
"187","187","عطور للأطفال","Children Perfumes","1","2/6/2014 8:04:22 PM","1"
"188","188","كولونيا","كولونيا","1","2/6/2014 8:04:22 PM","1"
"189","189","مزيل عرق","Deoderants","1","2/6/2014 8:04:22 PM","1"
"190","190","مزيل رائحة العرق سبراى","Deoderant Spray","1","2/6/2014 8:04:22 PM","1"
"191","191","مزيل رائحة العرق ستيك","Deoderant Stick","1","2/6/2014 8:04:22 PM","1"
"192","192","مزيل رائحة العرق بلية دوارة","Deoderant Roll-On","1","2/6/2014 8:04:22 PM","1"
"193","193","أحمر خدود","Blush","1","2/6/2014 8:04:22 PM","1"
"194","194","طلاء شفاه","Lip Stick","1","2/6/2014 8:04:22 PM","1"
"195","195","محدد الشفاه","Lip Liner","1","2/6/2014 8:04:22 PM","1"
"196","196","ملمع شفاه","Lip  Gloss","1","2/6/2014 8:04:22 PM","1"
"197","197","منتجات اخرى للشفاه","Other Lip Products","1","2/6/2014 8:04:22 PM","1"
"198","198","محدد للعين","Eye Liner","1","2/6/2014 8:04:22 PM","1"
"199","199","ماسكرا","Mascara","1","2/6/2014 8:04:22 PM","1"
"200","200","ظل جفون","Eye Shadow","1","2/6/2014 8:04:22 PM","1"
"201","201","كحل","Kohl - كحل","1","2/6/2014 8:04:22 PM","1"
"202","202","بودرة وجه","Compact Powder","1","2/6/2014 8:04:22 PM","1"
"203","203","منظف وجه/ماكياج","Facial Cleasner/Make up remove","1","2/6/2014 8:04:22 PM","1"
"204","204","منتجات اخرى لمكياج الوجه","Other Face Make-Up /ACCESSORIE","1","2/6/2014 8:04:22 PM","1"
"205","205","أدوات أخرى للتجميل","Other Devices for Cosmetic","1","2/6/2014 8:04:22 PM","1"
"206","206","قطن غير طبى","Non-Medical Cotton/BUDS","1","2/6/2014 8:04:22 PM","1"
"207","207","طلاء اظافر","Nail Polish","1","2/6/2014 8:04:22 PM","1"
"208","208","مزيل طلاء لاظافر","Nail Polish Remover","1","2/6/2014 8:04:22 PM","1"
"209","209","مبرد اظافر","Nail File","1","2/6/2014 8:04:22 PM","1"
"210","210","عدة عناية بالاظافر","Nail Care Tool","1","2/6/2014 8:04:22 PM","1"
"211","211","صنفرة للجلد","Skin Scrubs","1","2/6/2014 8:04:22 PM","1"
"212","212","مقشطة / مقشر للجلد","skin peelers","1","2/6/2014 8:04:22 PM","1"
"213","213","ماسك للجلد / للشعر","Mask: skin/Hair","1","2/6/2014 8:04:22 PM","1"
"214","214","شامبو / رغوة للجسم","Body Shampoo/ Foam","1","2/6/2014 8:04:22 PM","1"
"215","215","بخاخ ازالة شعر","Depilation Spray","1","2/6/2014 8:04:22 PM","1"
"216","216","شمع","Wax","1","2/6/2014 8:04:22 PM","1"
"217","217","منتجات حلاقة","Shaving Products","1","2/6/2014 8:04:22 PM","1"
"218","218","فوم حلاقة","Shaving Foam","1","2/6/2014 8:04:22 PM","1"
"219","219","شيكولاته","Chocolate","1","2/6/2014 8:04:22 PM","1"
"220","220","لبان","Chewing Gum","1","2/6/2014 8:04:22 PM","1"
"221","221","شنطة/ كيس/ وعاء","Case/Bag/Container","1","2/6/2014 8:04:22 PM","1"
"222","222","جوارب","Socks","1","2/6/2014 8:04:22 PM","1"
"223","223","جوانتى","Gloves","1","2/6/2014 8:04:22 PM","1"
"224","224","أحذية/ ملبوسات","SHOES","1","2/6/2014 8:04:22 PM","1"
"225","225","لوفه","Loofah","1","2/6/2014 8:04:22 PM","1"
"226","226","فرشه \ مشط","Hair Brush/Comb","1","2/6/2014 8:04:22 PM","1"
"227","227","ادوات كتابية/كتب/مجلات","Books/magazines","1","2/6/2014 8:04:22 PM","1"
"228","228","كروت معايدة","Greeting Card","1","2/6/2014 8:04:22 PM","1"
"229","229","كروت تليفونات","Phone Cards","1","2/6/2014 8:04:22 PM","1"
"230","230","الكترونيات","Other Electronics","1","2/6/2014 8:04:22 PM","1"
"231","231","بطاريات","Batteries","1","2/6/2014 8:04:22 PM","1"
"232","232","اخرى","Other","1","2/6/2014 8:04:22 PM","1"
"233","233","دوش مهبلى","","1","2/6/2014 8:04:22 PM","1"
"234","234","فيال","Vial","1","2/6/2014 8:04:22 PM","1"
"235","235","ملح","salt","1","2/6/2014 8:04:22 PM","1"
"236","236","سبراى للجسم","","1","2/6/2014 8:04:22 PM","1"
"237","237","سن","","1","2/6/2014 8:04:22 PM","1"
"238","238","اقراص قص","","1","2/6/2014 8:04:22 PM","1"
"239","239","اسكلب لوشن","SCALP LOHION","1","9/4/2014 11:52:30 AM","1"
"240","240","اسبري","SPRAY","1","9/4/2014 12:46:05 PM","1"
"241","241","كريم موضعي","TOPICAL CREAM","1","9/4/2014 4:56:45 PM","1"
"242","242","اسبري موضعي","TOPICAL SPRAY","1","9/8/2014 11:46:21 AM","1"
"243","243","اسبري للفم","ORAL SPRAY","1","9/8/2014 12:15:26 PM","1"
"244","244","جيل موضعي","TOPICAL GEL","1","9/8/2014 1:16:30 PM","1"
"245","245","جيل مهبلي","Vaginal gel","1","9/27/2014 3:17:03 PM","1"
"246","246","غسول للوجه","","1","9/30/2014 11:41:01 AM","1"
"247","247","حلقه مهبليه","VAGINAL RING","1","11/15/2014 12:10:15 PM","1"
"248","248","شامبو","SHAMPOO","1","3/26/2014 9:58:02 AM","1"
"249","249","بلسم","CONDITIONER","1","3/26/2014 9:58:02 AM","1"
"250","250","حمام كريم","Bath Cream","1","3/26/2014 9:58:02 AM","1"
"251","251","جل ","hair gel","1","2/21/2015 1:27:18 PM","1001"
"252","252","حمام زيت معالج","REPAIR OIL","1","3/26/2014 9:58:02 AM","1"
"253","253","امبولات","LEAVE-IN TREATMENT","1","2/21/2015 1:27:48 PM","1001"
"254","254","معجون ","TOOTHPASTE","0","2/21/2015 1:30:37 PM","1001"
"255","255","فرد شعر","RELAXER HAIR","1","3/26/2014 9:58:02 AM","1"
"256","256","شامب","ANTI-DANDRUFF SHAMPOO","1","2/21/2015 1:28:20 PM","1001"
"257","257","شاور جل","SHOWER GEL","1","3/26/2014 9:58:02 AM","1"
"258","258","هاندووش","HANDWASH","1","3/26/2014 9:58:02 AM","1"
"260","260","شا","SHAMPOO and CONDITIONER","1","2/21/2015 1:28:39 PM","1001"
"261","261","بديل الزيت","OIL REPLACEMENT","1","3/26/2014 9:58:02 AM","1"
"262","262","طلاء أظافر","Nail Polish","1","3/26/2014 9:58:02 AM","1"
"263","263","مناديل مبللة","WIPES","1","3/26/2014 9:58:02 AM","1"
"264","264","كريم","Skin Cream","1","2/21/2015 1:29:01 PM","1001"
"265","265","مبيد حشرى","","1","3/26/2014 9:58:03 AM","1"
"266","266","معطر جو","AIR FRESHENER","1","3/26/2014 9:58:02 AM","1"
"267","267","صابون","SOAP","1","3/26/2014 9:58:02 AM","1"
"268","268","مزيل للشعر","HAIR REMOVER","1","3/26/2014 9:58:02 AM","1"
"269","269","اوكسجين","","1","3/26/2014 9:58:02 AM","1"
"270","270","حنة شعر","DEODORANT","1","2/21/2015 1:29:53 PM","1001"
"271","271","صبغة للشعر","HAIR COLOR","1","3/26/2014 9:58:02 AM","1"
"272","272","ملقاط","","1","3/26/2014 9:58:02 AM","1"
"273","273","بدى سبراى","BODY SPRAY","1","3/26/2014 9:58:02 AM","1"
"274","274","اعادة اللون للشعر","","1","3/26/2014 9:58:02 AM","1"
"275","275","معطر للجسم","BODY MIST","1","3/26/2014 9:58:02 AM","1"
"276","276","ملمع للشفاة","LIP GLOSS","1","3/26/2014 9:58:03 AM","1"
"277","277","مكياج","","1","3/26/2014 9:58:03 AM","1"
"278","278","تحديد للشفاة","LIPLINER","1","3/26/2014 9:58:02 AM","1"
"279","279","احمر خدود","BLUSHER","1","3/26/2014 9:58:02 AM","1"
"280","280","روج","LIPSTICK","1","3/26/2014 9:58:02 AM","1"
"281","281","اى شادو","EYESHADOW","1","3/26/2014 9:58:03 AM","1"
"282","282","تحديد للعين","","1","3/26/2014 9:58:02 AM","1"
"283","283","مسكرة","MASCARA","1","3/26/2014 9:58:02 AM","1"
"284","284","كريم أساس","","1","3/26/2014 9:58:02 AM","1"
"285","285","لوشن","","1","3/26/2014 9:58:03 AM","1"
"286","286","فازلين","Vaseline","1","3/26/2014 9:58:02 AM","1"
"287","287","بودرة قدم","Foot powder","1","3/26/2014 9:58:02 AM","1"
"288","288","كريم للشعر","HAIR CREAM","1","3/26/2014 9:58:02 AM","1"
"289","289","زيت للشعر","HAIR OIL","1","3/26/2014 9:58:02 AM","1"
"290","290","منتجات نزع الشعر","","1","3/26/2014 9:58:02 AM","1"
"291","291","شمع للشعر","HAIR WAX","1","3/26/2014 9:58:02 AM","1"
"292","292","جل كريم","GEL CREAM","1","3/26/2014 9:58:03 AM","1"
"293","293","حمام زيت","Bath Oil","1","3/26/2014 9:58:02 AM","1"
"294","294","ماسك للوجة","FACE MASK","1","3/26/2014 9:58:02 AM","1"
"296","296","كريم تشقير","","1","3/26/2014 9:58:02 AM","1"
"297","297","كريم صنفرة","SCRUB","1","2/9/2015 1:38:06 PM","1001"
"298","298","شرائط للانف","NOSE STRIPS","1","3/26/2014 9:58:02 AM","1"
"299","299","كريم تفتيح","whitening cream","1","3/26/2014 9:58:02 AM","1"
"300","300","كريم للقدم","FEET CREAM","1","3/26/2014 9:58:03 AM","1"
"301","301","واقى للشمس","","1","3/26/2014 9:58:02 AM","1"
"302","302","هاند كريم","HAND CREAM","1","3/26/2014 9:58:03 AM","1"
"303","303","منتجات إزالة الترهلات","STRETCH MARK","1","3/26/2014 9:58:02 AM","1"
"304","304","منتجات تكبير الثدى","","1","3/26/2014 9:58:02 AM","1"
"305","305","منتجات إزالة المكياج","MAKE UP REMOVER","1","3/26/2014 9:58:02 AM","1"
"306","306","منتجات لتأخر العمر","DELAYS AGEING EFFECTS","1","3/26/2014 9:58:02 AM","1"
"307","307","عطور مصرى للسيدات","","1","3/26/2014 9:58:03 AM","1"
"308","308","عطور مصرى للرجال","","1","3/26/2014 9:58:02 AM","1"
"309","309","عطور مصرى للأطفال","","1","3/26/2014 9:58:03 AM","1"
"310","310","غسول للبشرة","","1","3/26/2014 9:58:03 AM","1"
"311","311","بودرة تلك","TALC POWDER","1","3/26/2014 9:58:03 AM","1"
"312","312","سيرم","SERUM","1","3/26/2014 9:58:03 AM","1"
"313","313","سبراى","SPRAY","1","3/26/2014 9:58:03 AM","1"
"314","314","مزيل طلاء الاظافر","NAIL POLISH REMOVER","1","3/26/2014 9:58:02 AM","1"
"315","315","معجون حلاقة","SHAVING CREAM","1","3/26/2014 9:58:02 AM","1"
"316","316","حنة للشعر","henna","1","3/26/2014 9:58:02 AM","1"
"317","317","بودرة مضغوطة","COMPACT POWDER","1","3/26/2014 9:58:02 AM","1"
"318","318","بودرة مائية","","1","3/26/2014 9:58:02 AM","1"
"319","319","كونسيلر","CONCEALER","1","3/26/2014 9:58:02 AM","1"
"320","320","قلم كحل","Eyeliner pencil","1","3/26/2014 9:58:02 AM","1"
"321","321","بودرة كريمى","","1","3/26/2014 9:58:03 AM","1"
"322","322","كحل","Eye Liner","1","3/26/2014 9:58:02 AM","1"
"323","323","اسيتون","","1","3/26/2014 9:58:02 AM","1"
"324","324","جهاز ناموس","ELECTRIC DEVICE","1","6/9/2014 7:07:42 PM","1"
"325","325","رول اون","ROLL-ON","1","3/26/2014 9:58:02 AM","1"
"326","326","ديب لاينر","DIP LINER","1","3/26/2014 9:58:02 AM","1"
"327","327","جل.فوم حلاقة","GEL FOAM","1","3/26/2014 9:58:02 AM","1"
"328","328","فرشة اسنان","TOOTHBRUSH","1","3/26/2014 9:58:02 AM","1"
"329","329","ماكينة حلاقة","","1","3/26/2014 9:58:03 AM","1"
"330","330","خيط للاسنان","Dental floss","1","3/26/2014 9:58:02 AM","1"
"331","331","مسحوق غسيل","","1","3/26/2014 9:58:02 AM","1"
"332","332","حفاضات للأطفال","","1","3/26/2014 9:58:02 AM","1"
"333","333","حفاضات نسائية","","1","3/26/2014 9:58:03 AM","1"
"335","335","اى لاينر","EYELINER","1","3/26/2014 9:58:02 AM","1"
"336","336","معطر فم","","1","3/26/2014 9:58:02 AM","1"
"337","337","خردوات","","1","3/26/2014 9:58:02 AM","1"
"338","338","فرش","","1","3/26/2014 9:58:03 AM","1"
"339","339","تاتوة","","1","3/26/2014 9:58:02 AM","1"
"340","340","عطور أورجينال للأطفال","","1","3/26/2014 9:58:02 AM","1"
"341","341","عطور أورجينال للسيدات","","1","3/26/2014 9:58:02 AM","1"
"342","342","عطور أورجينال للرجال","","1","3/26/2014 9:58:03 AM","1"
"343","343","عطور مستوردة للأطفال","","1","3/26/2014 9:58:02 AM","1"
"344","344","عطور مستوردة للرجال","","1","3/26/2014 9:58:02 AM","1"
"345","345","عطور مستوردة للسيدات","","1","3/26/2014 9:58:02 AM","1"
"346","346","شامبو جاف","DRY SHAMPOO","1","3/26/2014 9:58:02 AM","1"
"347","347","مزيل عرق ستيك","","1","3/26/2014 9:58:02 AM","1"
"348","348","مزيل عرق سبراى","","1","3/26/2014 9:58:02 AM","1"
"349","349","مزيل عرق رول-اون","","1","3/26/2014 9:58:03 AM","1"
"350","350","بلسم بعد الحلاقة","AFTER SHAVE","1","3/26/2014 9:58:02 AM","1"
"351","351","مثبت للشعر","STYLING MOUSSE","1","3/26/2014 9:58:02 AM","1"
"352","352","علاج للشعر","HAIR TREATMENT","1","3/26/2014 9:58:02 AM","1"
"353","353","قطن أذن","","1","3/26/2014 9:58:02 AM","1"
"354","354","مبرد أظافر","","1","3/26/2014 9:58:03 AM","1"
"355","355","مقوى للأظافر","","1","3/26/2014 9:58:03 AM","1"
"356","356","معطر للغرف","ROOM FRESHENER","1","3/26/2014 9:58:02 AM","1"
"357","357","مكواة للشعر","","1","3/26/2014 9:58:03 AM","1"
"358","358","سشوار للشعر","","1","3/26/2014 9:58:02 AM","1"
"359","359","مكنة قص الشعر","","1","3/26/2014 9:58:02 AM","1"
"360","360","بودرة تفتيح الشعر","","1","3/26/2014 9:58:02 AM","1"
"361","361","لصق حواجب","","1","3/26/2014 9:58:02 AM","1"
"362","362","فرش مكياج","","1","3/26/2014 9:58:02 AM","1"
"363","363","زبدة كاكاو","","1","3/26/2014 9:58:02 AM","1"
"364","364","محلول عدسات","","1","3/26/2014 9:58:03 AM","1"
"365","365","منظفات","","1","3/26/2014 9:58:02 AM","1"
"366","366","ورقيات","","1","3/26/2014 9:58:02 AM","1"
"367","367","ملح الحليب","MILK SALT","1","3/26/2014 9:58:02 AM","1"
"368","368","بخاخ ماء","","1","3/26/2014 9:58:03 AM","1"
"369","369","مثبت للمكياج","","1","3/26/2014 9:58:03 AM","1"
"370","370","كريم للعين","","1","3/26/2014 9:58:03 AM","1"
"371","371","طمى مغربى","","1","3/26/2014 9:58:03 AM","1"
"372","372","رغوة حمام للأطفال","","1","3/26/2014 9:58:03 AM","1"
"373","373","زيت للاطفال","BABY OIL","1","3/26/2014 9:58:03 AM","1"
"375","375","كريم للتمدد الجلدى","","1","3/26/2014 9:58:03 AM","1"
"376","376","سبراى للشعر","HAIR SPRAY","1","3/26/2014 9:58:03 AM","1"
"377","377","بودرة للأسنان","TOOTH POWDER","1","3/26/2014 9:58:03 AM","1"
"378","378","عناية بالمهبل","","1","3/26/2014 9:58:03 AM","1"
"379","379","محلول منظف مهبلى","FEMALE CARE","1","3/26/2014 9:58:03 AM","1"
"380","380","مزيل للمكياج","REMOVER LOTION","1","3/26/2014 9:58:03 AM","1"
"381","381","بودرة مضيئة","LOOSE POWDER","1","3/26/2014 9:58:03 AM","1"
"382","382","ماسك للشعر","HAIR MASK","1","3/26/2014 9:58:03 AM","1"
"383","383","معطر للشعر","","1","3/26/2014 9:58:03 AM","1"
"384","384","مستلزمات طبية","Health Care Products","1","5/8/2014 7:12:12 PM","1"
"385","385","جل حلاقة","SHAVING GEL","1","5/14/2014 7:10:20 PM","1"
"386","386","حلمة اطفال","BABY TEAT","1","5/17/2014 2:20:07 PM","1"
"387","387","حلمة ثدى صناعى","NIPPLE SHIELD","1","5/17/2014 2:30:11 PM","1"
"388","388","شفاط ثدى","BREAST PUMP","1","5/17/2014 2:35:29 PM","1"
"389","389","شفاط مخاط","NASAL ASPIRATOR","1","5/17/2014 2:39:14 PM","1"
"390","390","كوب اطفال","BABY CUP","1","5/17/2014 2:41:04 PM","1"
"391","391","ببرونة","feeder","1","5/17/2014 2:55:05 PM","1"
"392","392","لهاية","","1","5/17/2014 3:51:39 PM","1"
"393","393","كحول","","1","5/29/2014 2:59:32 PM","1"
"394","394","استحلاب و باستلية","LOZENGES","1","2/21/2015 1:31:55 PM","1001"
"395","395","مرطب شفاه","LIP BALM","1","6/8/2014 9:05:50 PM","1"
"396","396","باستلية","PASTILLES","0","2/21/2015 1:31:35 PM","1001"
"397","397","مشروبات باكت","PACKETS","1","6/10/2014 3:35:28 PM","1"
"398","398","قلم حواجب","EYEBROW PENCIL","0","2/21/2015 1:31:07 PM","1001"
"399","399","عدسات لاصقة","LENSES","1","6/15/2014 8:16:34 PM","1"
"400","400","منتجات اطفال","","1","2/9/2015 1:30:01 PM","1001"
"401","401","منتجات اسنان","","0","2/21/2015 1:30:51 PM","1001"
"402","402","ملمع حذاء","","1","5/9/2015 9:27:08 AM","1020"
"403","403","قصافة","","1","5/9/2015 10:53:15 AM","1020"
"404","404","عجينة","","1","5/9/2015 11:30:36 AM","1020"
"405","405","معطر ملابس","","1","5/10/2015 11:03:16 AM","1020"
"406","406","معجون اسنان","","1","5/11/2015 9:28:34 AM","1020"
"407","407","ماء اكسجين","","1","5/17/2015 9:32:12 AM","1036"
"408","408","رباط ضاغط","","1","5/31/2015 3:49:17 PM","1036"
"409","409","قطن طبى","","1","6/1/2015 9:53:30 AM","1036"
"410","410","عازل طبى","","1","6/3/2015 9:19:18 AM","1036"
"411","411","سكاتة اطفال","","1","6/6/2015 1:46:41 PM","1036"
"412","412","لوفة","","1","6/13/2015 2:24:04 PM","1036"
"413","413","برفان","","1","7/14/2015 9:54:33 AM","1036"
"414","414","بودرة وجه","","1","7/30/2015 1:13:22 PM","1036"
"415","415","كيراتين","","1","8/11/2015 1:55:27 PM","1036"
"416","416","بودرة جسم","","1","8/25/2015 12:05:26 PM","1036"
